{
  "version": 1,
  "author": "Valentina Morana",
  "editor": "wokwi",
  "parts": [
    { "type": "board-esp32-devkit-c-v4", "id": "esp", "top": 0, "left": 0, "attrs": {} },
    { "type": "wokwi-led", "id": "led1", "top": 54, "left": 186.2, "attrs": { "color": "red" } },
    {
      "type": "wokwi-resistor",
      "id": "r1",
      "top": 138.35,
      "left": 124.8,
      "attrs": { "value": "1000" }
    },
    {
      "type": "wokwi-photoresistor-sensor",
      "id": "ldr1",
      "top": -44.8,
      "left": -229.6,
      "rotate": 90,
      "attrs": {}
    }
  ],
  "connections": [
    [ "esp:TX", "$serialMonitor:RX", "", [] ],
    [ "esp:RX", "$serialMonitor:TX", "", [] ],
    [ "esp:5", "r1:1", "green", [ "h0" ] ],
    [ "esp:GND.3", "led1:C", "black", [ "h0" ] ],
    [ "led1:A", "r1:2", "green", [ "v0" ] ],
    [ "ldr1:AO", "esp:34", "green", [ "v54.1", "h71.2", "v-48" ] ],
    [ "ldr1:GND", "esp:GND.1", "black", [ "v0" ] ],
    [ "ldr1:VCC", "esp:5V", "red", [ "v0" ] ]
  ],
  "dependencies": {}
}