{
  "version": 1,
  "author": "Valentina Morana",
  "editor": "wokwi",
  "parts": [
    { "type": "board-esp32-devkit-c-v4", "id": "esp", "top": 0, "left": 0, "attrs": {} },
    { "type": "wokwi-led", "id": "led1", "top": 44.4, "left": 147.8, "attrs": { "color": "red" } },
    {
      "type": "wokwi-resistor",
      "id": "r1",
      "top": 109.55,
      "left": 124.8,
      "attrs": { "value": "1000" }
    }
  ],
  "connections": [
    [ "esp:TX", "$serialMonitor:RX", "", [] ],
    [ "esp:RX", "$serialMonitor:TX", "", [] ],
    [ "esp:5", "r1:1", "green", [ "h0" ] ],
    [ "esp:GND.3", "led1:C", "black", [ "h0" ] ],
    [ "led1:A", "r1:2", "green", [ "v0" ] ]
  ],
  "dependencies": {}
}